{"718069546166255643":{"name":"sodapop#9304","occupation":":pick: Pioneer Archaeologist"},"771917925673336862":{"name":"raniaaaaa#7379","occupation":":pick: Pioneer Archaeologist"},"626994104005296128":{"name":"vazio#7856","occupation":":red_car: Cardinal Millionaire"},"128838191687008256":{"name":"idkpluto#1939","occupation":":microscope: ya!Akula Developer"},"531901208747573281":{"name":"lunasekaii#3546","occupation":":dizzy: Anodic Remora"},"253204255891128332":{"name":"Ygrek#4844","occupation":"N/A"},"779344514141519884":{"name":"demon4500$#4080","occupation":"N/A"},"748905738331488387":{"name":"adonisbf#0733","occupation":"N/A"},"188683804217573376":{"name":"Jimbo#0591","occupation":"N/A"},"744161086005051432":{"name":"LunarAce#8598","occupation":"N/A"},"578245892553965588":{"name":"penkies#7989","occupation":"N/A"},"709572395534647296":{"name":"edzterino#8059","occupation":"N/A"},"447399152696164364":{"name":"homboiii#0454","occupation":"N/A"},"723450080371146835":{"name":"skijao#2761","occupation":"N/A"},"564354164457734155":{"name":"nicolee (break)#9809","occupation":"N/A"}}