{"128838191687008256":{"name":"idkpluto#1939","organisation":"<:projectaware:790421197158088725> Project AWARE"},"718069546166255643":{"name":"sodapop#9304","organisation":"<:oceana:790421238178119730> Oceana"},"578245892553965588":{"name":"penkies#7989","organisation":"N/A"},"771917925673336862":{"name":"raniaaaaa#7379","organisation":"<:sharkadvocates:790536650538614804> Shark Advocates International"},"709572395534647296":{"name":"edzterino#8059","organisation":"<:sharkalliance:790536693743616050> Shark Alliance"},"626994104005296128":{"name":"vazio#7856","organisation":"<:wwf:790420667652505610> The World Wildlife Fund"},"447399152696164364":{"name":"homboiii#0454","organisation":"<:sharkalliance:790536693743616050> Shark Alliance"},"723450080371146835":{"name":"skijao#2761","organisation":"<:thesharktrust:790536710982860871> The Shark Trust"},"564354164457734155":{"name":"nicolee (break)#9809","organisation":"N/A"}}