{"128838191687008256":{"name":"idkpluto#1939","sosbadge":"This user is a proud supporter of the #SaveOurSharks Movement."},"771917925673336862":{"name":"raniaaaaa#7379","sosbadge":"This user is a proud supporter of the #SaveOurSharks Movement."},"626994104005296128":{"name":"vazio#7856","sosbadge":"N/A"},"718069546166255643":{"name":"sodapop#9304","sosbadge":"This user is a proud supporter of the #SaveOurSharks Movement."},"779344514141519884":{"name":"demon4500$#4080","sosbadge":"N/A"},"748905738331488387":{"name":"adonisbf#0733","sosbadge":"N/A"},"188683804217573376":{"name":"Jimbo#0591","sosbadge":"N/A"},"531901208747573281":{"name":"lunasekaii#3546","sosbadge":"N/A"},"744161086005051432":{"name":"LunarAce#8598","sosbadge":"N/A"},"578245892553965588":{"name":"penkies#7989","sosbadge":"N/A"},"709572395534647296":{"name":"edzterino#8059","sosbadge":"N/A"},"447399152696164364":{"name":"homboiii#0454","sosbadge":"N/A"},"723450080371146835":{"name":"skijao#2761","sosbadge":"N/A"},"564354164457734155":{"name":"nicolee (break)#9809","sosbadge":"N/A"}}